epoch,acc,loss,val_acc,val_loss
0,0.80068,0.40333374628543855,0.86004,0.3223267506885529
1,0.9072,0.23179765672445296,0.8726,0.3059668156719208
