epoch,acc,loss,val_acc,val_loss
0,0.8192399957418441,0.3866321268200874,0.8471199949502944,0.3438489985942841
1,0.9246399899244309,0.19861496573463083,0.8577599924564362,0.3414113794237375
